"","ONTOLOGY","ID","Description","setSize","enrichmentScore","NES","pvalue","p.adjust","qvalue","rank","leading_edge","core_enrichment"
"GO:0022625","CC","GO:0022625","cytosolic large ribosomal subunit",35,0.849218577072725,2.00942121821573,0.000100030009002701,0.0177596343814715,0.01729121069795,321,"tags=69%, list=8%, signal=64%","RPLP0/RPLP1/RPL12/RPL37A/RPL30/RPL23A/RPL27/RPL3/RPL10/RPL37/RPL7/RPL9/RPL34/RPL38/RPL5/RPL23/RPL24/RPL19/RPL32/RPL18A/RPL35A/RPL41/RPLP2/RPL27A"
"GO:0002181","BP","GO:0002181","cytoplasmic translation",74,0.806174241847276,2.0019239854962,9.99900009999e-05,0.0177596343814715,0.01729121069795,387,"tags=64%, list=10%, signal=58%","RPS27/RPLP0/EIF3A/RPLP1/RPL12/RPS8/RPL37A/RPS3A/RPL30/RPL23A/RPS14/RPL27/RPL3/RPL10/RPS19/RPL37/RPL7/RPL9/RPL34/RPL38/RPS23/RPS27A/RPS26/RPL5/RPL23/RPL24/RPL19/RPSA/EIF3L/RPL32/RPS25/DRG1/RPL18A/RPL35A/PABPC1/RPL41/RPL22L1/YTHDF2/RPLP2/ZC3H15/RPL27A/EIF3E/RPS15/RPS28/EIF3H/NEMF/MCTS1"
"GO:0022626","CC","GO:0022626","cytosolic ribosome",59,0.808630209070411,1.98292409513779,9.99900009999e-05,0.0177596343814715,0.01729121069795,378,"tags=64%, list=10%, signal=59%","RPS27/RPLP0/RPLP1/RPL12/RPS8/RPL37A/RPS3A/RPL30/RPL23A/RPS14/RPS27L/RPL27/RPL3/RPL10/RPS19/RPL37/RPL7/RPL9/RPL34/RPL38/RPS23/RPS27A/RPS26/RPL5/RPL23/RPL24/RPL19/RPSA/RPL32/RPS25/RPL18A/RPL35A/RPL41/RPLP2/RPL27A/RPS15/RPS28/NEMF"
"GO:0022627","CC","GO:0022627","cytosolic small ribosomal subunit",16,0.84619480408446,1.8652827742656,0.000101224820325944,0.0177596343814715,0.01729121069795,472,"tags=88%, list=12%, signal=77%","RPS27/RPS8/RPS3A/RPS14/RPS27L/RPS19/RPS23/RPS27A/RPS26/RPSA/RPS25/RPS15/RPS28/RPS29"
"GO:0070069","CC","GO:0070069","cytochrome complex",13,0.861125516387686,1.84981073575128,0.000102354145342886,0.0177596343814715,0.01729121069795,496,"tags=92%, list=13%, signal=81%","NDUFA4/COX6A1/COX6C/UQCRQ/COX8A/COX7C/COX5B/COX4I1/UQCR11/UQCRC2/UQCRC1/COX7A2L"
"GO:0003735","MF","GO:0003735","structural constituent of ribosome",89,0.731753269311525,1.8340843505773,9.99900009999e-05,0.0177596343814715,0.01729121069795,539,"tags=56%, list=14%, signal=50%","RPS27/IMP3/RPLP0/RPLP1/RPL12/RPS8/RPL37A/RPS3A/RPL30/RPL23A/RPS14/RPS27L/RPL27/RPL3/RPL10/RPS19/RPL37/RPL7/RPL9/RPL34/RPL38/RPS23/RPS27A/RPS26/RPL5/RPL23/RPL24/RPL19/MRPS14/RPSA/RPL32/RPS25/RPL18A/RPL35A/RPL41/RPL22L1/MRPL11/MRPS11/MRPL37/MRPL36/RPLP2/RPL27A/RPS15/RPS28/MRPS15/RPS29/MRPL20/MRPS5/MRPL16/MRPS35"
"GO:0042788","CC","GO:0042788","polysomal ribosome",15,0.825515228866662,1.80649888445272,0.000101553772722657,0.0177596343814715,0.01729121069795,472,"tags=80%, list=12%, signal=71%","RPL30/RPL38/RPS23/RPS26/RPL24/RPL19/RPL32/RPL18A/RPL41/RPS28/EIF3H/RPS29"
"GO:0005198","MF","GO:0005198","structural molecule activity",148,0.683047923089608,1.74710467365864,9.99900009999e-05,0.0177596343814715,0.01729121069795,504,"tags=45%, list=13%, signal=40%","RPS27/IMP3/COL4A5/RPLP0/EIF3A/RPLP1/RPL12/RPS8/RPL37A/RPS3A/RPL30/RPL23A/RPS14/RPS27L/RPL27/RPL3/RPL10/RPS19/RPL37/RPL7/RPL9/NUP214/RPL34/RPL38/YEATS4/RPS23/RPS27A/RPS26/RPL5/RPL23/RPL24/RPL19/APOE/MRPS14/RPSA/COL5A3/RPL32/RPS25/RPL18A/RPL35A/TUBA1A/VCAN/VPS25/RPL41/ANK3/RPL22L1/MYL6B/MRPL11/MRPS11/MRPL37/MRPL36/RPLP2/SEC31A/RPL27A/NUP88/RPS15/RPS28/KRT10/MRPS15/COL11A1/PNN/RPS29/MRPL20/MRPS5/MRPL16/PSMD11"
"GO:0098800","CC","GO:0098800","inner mitochondrial membrane protein complex",47,0.721572544765328,1.74396837784515,9.99900009999e-05,0.0177596343814715,0.01729121069795,570,"tags=62%, list=15%, signal=53%","CHCHD6/NDUFA4/COX6A1/COX6C/UQCRQ/COX8A/COX7C/COX5B/NDUFS5/TIMM10/COX4I1/ROMO1/UQCR11/NDUFC1/PHB2/NDUFV2/NDUFS3/UQCRC2/UQCRC1/MTX2/NDUFA8/NDUFS7/COX7A2L/MICU1/TIMM23/APOO/SDHD/NDUFB3/IMMP2L"
"GO:0005746","CC","GO:0005746","mitochondrial respirasome",30,0.74167090682695,1.73371499246915,0.000100070049034324,0.0177596343814715,0.01729121069795,559,"tags=70%, list=14%, signal=60%","NDUFA4/COX6A1/COX6C/UQCRQ/COX8A/COX7C/COX5B/NDUFS5/COX4I1/UQCR11/NDUFC1/SURF1/NDUFV2/NDUFS3/UQCRC2/UQCRC1/NDUFA8/NDUFS7/COX7A2L/SDHD/NDUFB3"
"GO:0070469","CC","GO:0070469","respirasome",31,0.735946594034868,1.72539812917017,0.000100050025012506,0.0177596343814715,0.01729121069795,559,"tags=68%, list=14%, signal=59%","NDUFA4/COX6A1/COX6C/UQCRQ/COX8A/COX7C/COX5B/NDUFS5/COX4I1/UQCR11/NDUFC1/SURF1/NDUFV2/NDUFS3/UQCRC2/UQCRC1/NDUFA8/NDUFS7/COX7A2L/SDHD/NDUFB3"
"GO:0044391","CC","GO:0044391","ribosomal subunit",106,0.682649886526666,1.72512472646562,9.99900009999e-05,0.0177596343814715,0.01729121069795,503,"tags=47%, list=13%, signal=42%","RPS27/IMP3/RPLP0/RPLP1/RPL12/RPS8/RPL37A/RPS3A/RPL30/RPL23A/RPS14/RPS27L/RPL27/RPL3/RPL10/RPS19/RPL37/RPL7/RPL9/NPM1/RPL34/RPL38/RPS23/RPS27A/RPS26/RPL5/RPL23/RPL24/RPL19/MRPS14/RPSA/RPL32/RPS25/RPL18A/RPL35A/RPL41/MRPL11/MRPS11/MRPL37/MRPL36/RPLP2/RPL27A/RPS15/RPS28/MRPS15/MRPL50/RPS29/MRPL20/MRPS5/MRPL16"
"GO:0015935","CC","GO:0015935","small ribosomal subunit",38,0.708920952813332,1.68805535244897,1e-04,0.0177596343814715,0.01729121069795,684,"tags=61%, list=17%, signal=50%","RPS27/IMP3/RPS8/RPS3A/RPS14/RPS27L/RPS19/NPM1/RPS23/RPS27A/RPS26/MRPS14/RPSA/RPS25/MRPS11/RPS15/RPS28/MRPS15/RPS29/MRPS5/MRPS35/EIF2A/MRPS27"
"GO:0005840","CC","GO:0005840","ribosome",124,0.656670393274315,1.66997826363101,9.99900009999e-05,0.0177596343814715,0.01729121069795,545,"tags=46%, list=14%, signal=41%","RPS27/IMP3/RPLP0/RPLP1/RPL12/RPS8/RPL37A/RPS3A/RPL30/RPL23A/RPS14/RPS27L/RPL27/RPL3/RPL10/RPS19/RPL37/RPL7/RPL9/NPM1/RPL34/RPL38/RPS23/RPS27A/RPS26/RPL5/RPL23/RPL24/RPL19/MRPS14/RPSA/RPL32/RPS25/RPL18A/RPL35A/RPL41/RPL22L1/MRPL11/MRPS11/MRPL37/MRPL36/RPLP2/RPL27A/RPS15/RPS28/EIF3H/NEMF/MRPS15/MTG1/MRPL50/DNAJC21/RPS29/MRPL20/MRPS5/MRPL16/MRPS35/SF1"
"GO:0015934","CC","GO:0015934","large ribosomal subunit",70,0.670843045695207,1.66020483742148,9.99900009999e-05,0.0177596343814715,0.01729121069795,321,"tags=40%, list=8%, signal=37%","RPLP0/RPLP1/RPL12/RPL37A/RPL30/RPL23A/RPL27/RPL3/RPL10/RPL37/RPL7/RPL9/NPM1/RPL34/RPL38/RPL5/RPL23/RPL24/RPL19/RPL32/RPL18A/RPL35A/RPL41/MRPL11/MRPL37/MRPL36/RPLP2/RPL27A"
"GO:0022904","BP","GO:0022904","respiratory electron transport chain",40,0.684985721573177,1.63774320310934,0.0001000100010001,0.0177596343814715,0.01729121069795,570,"tags=57%, list=15%, signal=50%","NDUFA4/COX6A1/COX6C/UQCRQ/COX8A/COX7C/PARK7/COX5B/NDUFS5/COX4I1/UQCR11/NDUFC1/GHITM/NDUFV2/NDUFS3/UQCRC2/UQCRC1/NDUFA8/NDUFS7/COX7A2L/SDHD/NDUFB3/IMMP2L"
"GO:0014069","CC","GO:0014069","postsynaptic density",67,0.659388464876485,1.62858249447095,9.99900009999e-05,0.0177596343814715,0.01729121069795,330,"tags=27%, list=8%, signal=25%","RPS27/KALRN/RPLP0/EIF3A/RPL12/RPL30/DLG5/RPS14/RPS19/RPL7/PCBP2/RPL38/RPS25/ADCY1/PHB2/FABP5/CHMP2B/EIF3E"
"GO:0005925","CC","GO:0005925","focal adhesion",90,0.647995487348254,1.62516509979761,9.99900009999e-05,0.0177596343814715,0.01729121069795,398,"tags=36%, list=10%, signal=33%","CD9/HSPB1/RPLP0/RPLP1/RPL12/RPS8/RPL37A/RPS3A/RPL30/PDLIM1/RPS14/RPL27/RPL3/RPS19/RPL7/RPL9/CORO1C/NPM1/PCBP2/RPL38/RPL5/RPL23/RPL19/CNN2/TADA1/PABPC1/PPFIA1/RPLP2/LIMS1/DCTN4/RPS15/CTTN"
"GO:0030055","CC","GO:0030055","cell-substrate junction",91,0.642621622813888,1.61269236219759,9.99900009999e-05,0.0177596343814715,0.01729121069795,398,"tags=35%, list=10%, signal=32%","CD9/HSPB1/RPLP0/RPLP1/RPL12/RPS8/RPL37A/RPS3A/RPL30/PDLIM1/RPS14/RPL27/RPL3/RPS19/RPL7/RPL9/CORO1C/NPM1/PCBP2/RPL38/RPL5/RPL23/RPL19/CNN2/TADA1/PABPC1/PPFIA1/RPLP2/LIMS1/DCTN4/RPS15/CTTN"
"GO:0032279","CC","GO:0032279","asymmetric synapse",68,0.651870334999218,1.61119309654945,9.99900009999e-05,0.0177596343814715,0.01729121069795,330,"tags=26%, list=8%, signal=25%","RPS27/KALRN/RPLP0/EIF3A/RPL12/RPL30/DLG5/RPS14/RPS19/RPL7/PCBP2/RPL38/RPS25/ADCY1/PHB2/FABP5/CHMP2B/EIF3E"
"GO:0098984","CC","GO:0098984","neuron to neuron synapse",71,0.641579151176894,1.58911090805748,9.99900009999e-05,0.0177596343814715,0.01729121069795,330,"tags=25%, list=8%, signal=24%","RPS27/KALRN/RPLP0/EIF3A/RPL12/RPL30/DLG5/RPS14/RPS19/RPL7/PCBP2/RPL38/RPS25/ADCY1/PHB2/FABP5/CHMP2B/EIF3E"
"GO:0099572","CC","GO:0099572","postsynaptic specialization",70,0.639299344262304,1.5821403690706,9.99900009999e-05,0.0177596343814715,0.01729121069795,330,"tags=26%, list=8%, signal=24%","RPS27/KALRN/RPLP0/EIF3A/RPL12/RPL30/DLG5/RPS14/RPS19/RPL7/PCBP2/RPL38/RPS25/ADCY1/PHB2/FABP5/CHMP2B/EIF3E"
"GO:0006412","BP","GO:0006412","translation",271,0.544543078181134,1.41738997697868,9.99900009999e-05,0.0177596343814715,0.01729121069795,1028,"tags=43%, list=26%, signal=34%","RPS27/HSPB1/RPLP0/EIF3A/PA2G4/RPLP1/RPL12/RPS8/RPL37A/RPS3A/RPL30/RPL23A/EIF1/RPS14/RPS27L/RPL27/RPL3/RPL10/RPS19/RPL37/RPL7/RPL9/NPM1/RPL34/RPL38/RPS23/RPS27A/RPS26/RPL5/RPL23/RPL24/RPL19/MRPS14/RPSA/EIF3L/CNOT7/RPL32/SARNP/RPS25/DRG1/RPL18A/RPL35A/PABPC1/TRUB2/RPL41/ATF4/RPL22L1/MRPL11/MRPS11/MRPL37/ELP4/MRPL36/YTHDF2/RPLP2/ZC3H15/RPL27A/EIF3E/CNOT2/RPS15/RPS28/CNOT8/EIF3H/NEMF/MRPS15/LARP1B/MCTS1/CNOT1/TMED2/MTG1/EIF4A3/MRPL50/C1QBP/RPS29/MRPL20/MRPS5/MRPL16/EXOSC9/MRPS35/AIMP1/TRIP4/METTL5/MALSU1/ABCE1/EIF2A/SECISBP2L/RCHY1/PABPC4/EXOSC8/MRPS27/MRPL27/DCP1A/IREB2/MRPL10/EIF5B/NDUFA7/MRPL40/DENR/PRKDC/MRPS23/TRNT1/RPL39/EEF1D/MRPS22/MRPS26/GATC/EIF3F/DNAJC3/IMPACT/MRPL9/METAP1/SERP1/UPF3A/SECISBP2/RPS6KB1/FMR1/MRPL47"
"GO:0006518","BP","GO:0006518","peptide metabolic process",291,0.542261588635137,1.41386288398412,9.99900009999e-05,0.0177596343814715,0.01729121069795,1075,"tags=44%, list=27%, signal=34%","RPS27/HSPB1/RPLP0/EIF3A/PA2G4/RPLP1/RPL12/RPS8/RPL37A/RPS3A/RPL30/RPL23A/EIF1/RPS14/RPS27L/APH1B/RPL27/RPL3/RPL10/RPS19/RPL37/RPL7/RPL9/NPM1/RPL34/RPL38/RPS23/RPS27A/RPS26/NFE2L2/RPL5/RPL23/RPL24/RPL19/LTA4H/APOE/MRPS14/RPSA/EIF3L/CNOT7/RPL32/SARNP/RPS25/DRG1/RPL18A/RPL35A/PABPC1/TRUB2/RPL41/ATF4/RPL22L1/MRPL11/MRPS11/MRPL37/ELP4/MRPL36/YTHDF2/RPLP2/ZC3H15/RPL27A/EIF3E/CNOT2/RPS15/RPS28/CNOT8/EIF3H/NEMF/MRPS15/LARP1B/MCTS1/CNOT1/TMED2/MTG1/EIF4A3/MRPL50/C1QBP/RPS29/MRPL20/SEC11C/MRPS5/MRPL16/EXOSC9/MRPS35/AIMP1/TRIP4/IMMP2L/METTL5/MALSU1/ABCE1/EIF2A/SECISBP2L/RCHY1/PABPC4/EXOSC8/MRPS27/MRPL27/DCP1A/IREB2/MRPL10/EIF5B/NDUFA7/MRPL40/DENR/PRKDC/MRPS23/TRNT1/RPL39/EEF1D/MRPS22/MRPS26/PSENEN/GATC/EIF3F/DNAJC3/IMPACT/MRPL9/METAP1/SERP1/DISP1/UPF3A/SECISBP2/RPS6KB1/FMR1/MRPL47/SEC11A/CSDE1/RGS2/MRPL24"
"GO:0042254","BP","GO:0042254","ribosome biogenesis",138,0.551747762675787,1.40807362387679,9.99900009999e-05,0.0177596343814715,0.01729121069795,932,"tags=41%, list=24%, signal=32%","RPS27/GTF3A/IMP3/RPLP0/PA2G4/RPS8/RPS3A/RPL23A/RAN/NOP58/RPS14/RPS27L/RPL27/RPL10/RPS19/RPL7/NPM1/RPL38/RPS23/RPL5/RPL24/DDX47/RPSA/RPS25/RPL35A/YTHDF2/NUP88/RPS15/RPS28/DDX52/EIF4A3/PIN4/C1QBP/EMG1/MRPL20/GTF2H5/WBP11/EXOSC9/METTL5/MALSU1/ABCE1/EIF2A/RRP12/PWP1/EXOSC8/IMP4/ABT1/GNL2/DIMT1/EIF5B/PRKDC/WDR43/EBNA1BP2/RIOK3/NOL11/GTPBP4"
"GO:0043043","BP","GO:0043043","peptide biosynthetic process",276,0.540233088928624,1.40675424195402,9.99900009999e-05,0.0177596343814715,0.01729121069795,1028,"tags=42%, list=26%, signal=34%","RPS27/HSPB1/RPLP0/EIF3A/PA2G4/RPLP1/RPL12/RPS8/RPL37A/RPS3A/RPL30/RPL23A/EIF1/RPS14/RPS27L/RPL27/RPL3/RPL10/RPS19/RPL37/RPL7/RPL9/NPM1/RPL34/RPL38/RPS23/RPS27A/RPS26/NFE2L2/RPL5/RPL23/RPL24/RPL19/MRPS14/RPSA/EIF3L/CNOT7/RPL32/SARNP/RPS25/DRG1/RPL18A/RPL35A/PABPC1/TRUB2/RPL41/ATF4/RPL22L1/MRPL11/MRPS11/MRPL37/ELP4/MRPL36/YTHDF2/RPLP2/ZC3H15/RPL27A/EIF3E/CNOT2/RPS15/RPS28/CNOT8/EIF3H/NEMF/MRPS15/LARP1B/MCTS1/CNOT1/TMED2/MTG1/EIF4A3/MRPL50/C1QBP/RPS29/MRPL20/MRPS5/MRPL16/EXOSC9/MRPS35/AIMP1/TRIP4/METTL5/MALSU1/ABCE1/EIF2A/SECISBP2L/RCHY1/PABPC4/EXOSC8/MRPS27/MRPL27/DCP1A/IREB2/MRPL10/EIF5B/NDUFA7/MRPL40/DENR/PRKDC/MRPS23/TRNT1/RPL39/EEF1D/MRPS22/MRPS26/GATC/EIF3F/DNAJC3/IMPACT/MRPL9/METAP1/SERP1/UPF3A/SECISBP2/RPS6KB1/FMR1/MRPL47"
"GO:0005743","CC","GO:0005743","mitochondrial inner membrane",162,0.539498764836273,1.38374955936508,9.99900009999e-05,0.0177596343814715,0.01729121069795,892,"tags=41%, list=23%, signal=33%","CHCHD6/NDUFA4/COX6A1/SLC25A3/COX6C/LDHB/ALAS1/UQCRQ/COX8A/COX7C/COX5B/NDUFS5/TIMM10/MRPS14/COX4I1/ROMO1/UQCR11/NDUFC1/SURF1/PHB2/GHITM/MRPL11/MRPS11/MRPL37/MRPL36/NDUFV2/SLC25A28/HSPD1/NDUFS3/MRPS15/MTG1/UQCRC2/UQCRC1/MRPL50/MTX2/MRPL20/NDUFA8/NDUFS7/COX7A2L/MRPS5/MRPL16/MICU1/TIMM23/MRPS35/TMEM11/APOO/SDHD/NDUFB3/IMMP2L/OPA1/TMEM126A/TIMMDC1/SLC25A5/NDUFAF3/MRPS27/MRPL27/NDUFS8/TIMM13/MRPL10/NDUFA7/MRPL40/COQ4/PTPMT1/MRPS23/MRPS22/MRPS26/TAMM41"
"GO:0005740","CC","GO:0005740","mitochondrial envelope",244,0.529268039567019,1.3743534930501,9.99900009999e-05,0.0177596343814715,0.01729121069795,892,"tags=39%, list=23%, signal=32%","CHCHD6/NDUFA4/COX6A1/SLC25A3/SOD1/UBB/COX6C/LDHB/GPAM/MGST3/ALAS1/UQCRQ/COX8A/COX7C/PARK7/RPS27A/COX5B/GABBR1/NDUFS5/TIMM10/MRPS14/COX4I1/ROMO1/UQCR11/NDUFC1/SURF1/DIABLO/TOMM7/PHB2/FUNDC2/GHITM/MRPL11/MRPS11/MRPL37/MRPL36/NDUFV2/SLC25A28/TOMM6/DNM1L/VDAC2/HSPD1/RAB32/ARL2BP/NDUFS3/MRPS15/MTG1/UQCRC2/UQCRC1/FUNDC1/HAX1/MRPL50/MTX2/MRPL20/TMEM14B/NDUFA8/NDUFS7/COX7A2L/MRPS5/MRPL16/MICU1/USP30/TIMM23/MRPS35/TMEM11/APOO/SDHD/ATAD1/NDUFB3/IMMP2L/OPA1/TMEM126A/TIMMDC1/TMEM14A/SLC25A5/ARMCX3/NDUFAF3/MRPS27/MRPL27/KRAS/NDUFS8/TIMM13/MRPL10/NDUFA7/MRPL40/COQ4/CIAPIN1/ZNFX1/PTPMT1/MRPS23/VDAC1/MRPS22/ACSL3/PRELID1/GNPAT/MRPS26/TAMM41"
"GO:0031966","CC","GO:0031966","mitochondrial membrane",233,0.521518560449629,1.35203221415638,9.99900009999e-05,0.0177596343814715,0.01729121069795,892,"tags=39%, list=23%, signal=32%","CHCHD6/NDUFA4/COX6A1/SLC25A3/UBB/COX6C/LDHB/GPAM/MGST3/ALAS1/UQCRQ/COX8A/COX7C/RPS27A/COX5B/GABBR1/NDUFS5/TIMM10/MRPS14/COX4I1/ROMO1/UQCR11/NDUFC1/SURF1/TOMM7/PHB2/FUNDC2/GHITM/MRPL11/MRPS11/MRPL37/MRPL36/NDUFV2/SLC25A28/TOMM6/DNM1L/VDAC2/HSPD1/RAB32/NDUFS3/MRPS15/MTG1/UQCRC2/UQCRC1/FUNDC1/HAX1/MRPL50/MTX2/MRPL20/TMEM14B/NDUFA8/NDUFS7/COX7A2L/MRPS5/MRPL16/MICU1/USP30/TIMM23/MRPS35/TMEM11/APOO/SDHD/ATAD1/NDUFB3/IMMP2L/OPA1/TMEM126A/TIMMDC1/TMEM14A/SLC25A5/ARMCX3/NDUFAF3/MRPS27/MRPL27/KRAS/NDUFS8/TIMM13/MRPL10/NDUFA7/MRPL40/COQ4/ZNFX1/PTPMT1/MRPS23/VDAC1/MRPS22/ACSL3/GNPAT/MRPS26/TAMM41"
"GO:0043604","BP","GO:0043604","amide biosynthetic process",300,0.517710735598962,1.35097809418684,9.99900009999e-05,0.0177596343814715,0.01729121069795,1166,"tags=44%, list=30%, signal=33%","RPS27/HSPB1/RPLP0/EIF3A/PA2G4/RPLP1/RPL12/RPS8/RPL37A/RPS3A/RPL30/RPL23A/EIF1/RPS14/RPS27L/RPL27/RPL3/RPL10/RPS19/RPL37/RPL7/RPL9/NPM1/RPL34/RPL38/RPS23/RPS27A/RPS26/NFE2L2/RPL5/RPL23/RPL24/RPL19/MRPS14/RPSA/EIF3L/CNOT7/RPL32/SARNP/RPS25/DRG1/RPL18A/RPL35A/PABPC1/TRUB2/RPL41/ATF4/RPL22L1/MRPL11/MRPS11/MRPL37/ELP4/MRPL36/YTHDF2/RPLP2/ZC3H15/RPL27A/EIF3E/CNOT2/RPS15/RPS28/CNOT8/EIF3H/NEMF/MRPS15/LARP1B/MCTS1/CNOT1/TMED2/MTG1/EIF4A3/MRPL50/C1QBP/RPS29/MRPL20/MRPS5/MRPL16/EXOSC9/MRPS35/AIMP1/TRIP4/METTL5/MALSU1/ABCE1/EIF2A/SECISBP2L/RCHY1/PABPC4/EXOSC8/MRPS27/MRPL27/DCP1A/IREB2/MRPL10/EIF5B/NDUFA7/MRPL40/DIP2A/DENR/PRKDC/MRPS23/TRNT1/RPL39/EEF1D/MRPS22/ACSL3/MRPS26/SAMD8/GATC/EIF3F/DNAJC3/IMPACT/MRPL9/METAP1/SERP1/UPF3A/SECISBP2/RPS6KB1/FMR1/MRPL47/VAPA/CSDE1/RGS2/MRPL24/RBM3/AIMP2/MRPS18C/EIF2B1/BZW1/ASCC3/DMD/DLD"
"GO:1990904","CC","GO:1990904","ribonucleoprotein complex",329,0.510336101698271,1.33404793533841,9.99900009999e-05,0.0177596343814715,0.01729121069795,1031,"tags=40%, list=26%, signal=33%","RBM12B/RPS27/IMP3/RPLP0/EIF3A/PA2G4/RPLP1/RPL12/SNRPD1/RPS8/RPL37A/RPS3A/RPL30/RPL23A/NOP58/EIF1/ZCRB1/RPS14/RPS27L/RPL27/RPL3/RPL10/CWC15/RPS19/RPL37/RPL7/RPL9/NPM1/RPL34/PCBP2/RPL38/RPS23/RPS27A/SRA1/DDX5/RPS26/RPL5/RPL23/GRSF1/RPL24/RPL19/MRPS14/RPSA/EIF3L/RPL32/RPS25/DRG1/RPL18A/RPL35A/PABPC1/RPL41/RPL22L1/MRPL11/MRPS11/MRPL37/MRPL36/RPLP2/RPL27A/EIF3E/RPS15/RPS28/MFAP1/EIF3H/MRPS15/SNRPA1/PTGES3/EIF4A3/MRPL50/PNN/RPS29/EMG1/MRPL20/MRPS5/MRPL16/SNRNP25/HNRNPF/DDX23/SREK1/MRPS35/SF3B1/SF1/SNRPD2/HTATSF1/RBMX/EIF2A/TAF9/SECISBP2L/ZCCHC8/PRPF38A/PABPC4/PRPF38B/DDX46/MRPS27/MRPL27/LARP7/SRRM2/SF3B4/PTBP2/IK/IMP4/CLNS1A/PPIH/DIMT1/MRPL10/TOP2B/MRPL40/RUVBL1/PRKDC/MRPS23/RPL39/WDR43/EBNA1BP2/RBMS3/PSMA1/MRPS22/MRPS26/U2AF1/TGS1/ZMAT2/BCAS2/SRP19/RIOK3/EIF3F/HSPA8/IMPACT/SRFBP1/MRPL9/SECISBP2/PHAX/FMR1/LSM10/MRPL47/KRR1"
"GO:0043603","BP","GO:0043603","amide metabolic process",345,0.507587225139275,1.32788832914754,9.99900009999e-05,0.0177596343814715,0.01729121069795,1075,"tags=40%, list=27%, signal=32%","RPS27/HSPB1/RPLP0/EIF3A/PA2G4/RPLP1/RPL12/RPS8/RPL37A/RPS3A/RPL30/RPL23A/EIF1/GPAM/RPS14/RPS27L/APH1B/RPL27/RPL3/RPL10/RPS19/RPL37/RPL7/RPL9/NPM1/RPL34/RPL38/RPS23/RPS27A/RPS26/NFE2L2/RPL5/RPL23/RPL24/RPL19/LTA4H/APOE/MRPS14/RPSA/EIF3L/CNOT7/RPL32/SARNP/RPS25/DRG1/RPL18A/RPL35A/PABPC1/TRUB2/RPL41/ATF4/RPL22L1/MRPL11/MRPS11/MRPL37/ELP4/MRPL36/YTHDF2/RPLP2/ZC3H15/RPL27A/OAT/EIF3E/ACOT9/CNOT2/RPS15/RPS28/CNOT8/EIF3H/NEMF/MRPS15/LARP1B/MCTS1/CNOT1/TMED2/MTG1/EIF4A3/MRPL50/C1QBP/RPS29/MRPL20/SEC11C/MRPS5/MRPL16/EXOSC9/MRPS35/AIMP1/TRIP4/IMMP2L/METTL5/MALSU1/ABCE1/EIF2A/SECISBP2L/RCHY1/PABPC4/EXOSC8/MRPS27/MRPL27/TM9SF2/DCP1A/OXSM/IREB2/MRPL10/EIF5B/NDUFA7/MRPL40/DIP2A/DENR/PRKDC/AASDHPPT/MRPS23/TRNT1/RPL39/EEF1D/MRPS22/ACSL3/MRPS26/PSENEN/SAMD8/GATC/EIF3F/DNAJC3/IMPACT/MRPL9/METAP1/SERP1/DISP1/UPF3A/SECISBP2/RPS6KB1/FMR1/MRPL47/VAPA/SEC11A/CSDE1/RGS2/MRPL24"
"GO:0070161","CC","GO:0070161","anchoring junction",161,0.517282495233376,1.32652335776721,9.99900009999e-05,0.0177596343814715,0.01729121069795,711,"tags=30%, list=18%, signal=26%","CD9/HSPB1/RPLP0/RPLP1/RPL12/RPS8/RPL37A/RPS3A/RPL30/PDLIM1/DLG5/RPS14/RPL27/RPL3/RPS19/RPL7/RPL9/CORO1C/NPM1/PCBP2/RPL38/ASH1L/PARK7/RPL5/RPL23/RPL19/CNN2/TADA1/PABPC1/PPFIA1/ANK3/RPLP2/LIMS1/DCTN4/RPS15/IGSF21/DSTYK/CTTN/PNN/RPS29/PCDH9/CFL1/CDC42/PRKCI/AMOT/SYNE2/KRAS/VEZT/VSIG10"
"GO:0005615","CC","GO:0005615","extracellular space",475,0.500346464867431,1.3172223412653,9.99900009999e-05,0.0177596343814715,0.01729121069795,699,"tags=29%, list=18%, signal=27%","DBI/KALRN/IL13RA2/CD9/RNF11/RARRES2/ATP2B1/HMGN2/HSPB1/OSBPL1A/COL4A5/RPLP0/PA2G4/TIMP4/RPL12/SLC25A3/SOD1/RPS8/CREB5/RPL37A/RPS3A/UBB/TMEM98/RPL30/RPL23A/LDHB/RAN/CA2/RPS14/RPL27/RPL3/HINT1/RPS19/GNG5/S100B/RPL34/SPEN/PCBP2/SSR4/HMGB1/PARK7/RPS27A/DDX5/CAD/RPS26/KIF3A/RPL5/NMB/RPL23/GABBR1/RPL24/CD63/LTA4H/SRI/APOE/ST13/RPSA/COL5A3/TCTN1/LTF/RPS25/ADCY1/RPL35A/TUBA1A/VCAN/PABPC1/VPS25/GGCT/GHITM/MYL6B/CPNE8/FABP5/SCAMP3/HSPD1/RPLP2/SERINC5/CHMP2B/LRRN1/EIF3E/VPS28/CHMP1B/UBE2V2/RPS28/KRT10/EIF3H/DUT/COL11A1/DNAJB11/CNOT1/PGM1/PRKAR2B/GSTM2/XYLT1/PSME1/MSRA/HSPH1/PSMA4/CS/LRRN3/PSMB2/ANXA7/RPS29/GGH/ACAT2/N4BP2L2/CEP250/SMC2/DDX23/EXOSC9/CFL1/GNAI3/UFC1/SNRPD2/APOO/AIMP1/NUDT1/DCXR/KIF3B/AGT/ATIC/RBMX/GRHPR/CMPK1/MAN1A2/EIF2A/DMXL2/CDC42/HSPA13/TOR1A/PSMD7/PRKCI/FH/USP14/SCPEP1/SYNE2/PSMA5/TM9SF2/PTPN13"
"GO:0005576","CC","GO:0005576","extracellular region",554,0.49238199572077,1.2992326435069,9.99900009999e-05,0.0177596343814715,0.01729121069795,970,"tags=35%, list=25%, signal=31%","DBI/KALRN/IL13RA2/CD9/RNF11/LUZP2/RARRES2/ATP2B1/HMGN2/HSPB1/OSBPL1A/COL4A5/RPLP0/PA2G4/TIMP4/RPL12/SLC25A3/SOD1/RPS8/CREB5/RPL37A/RPS3A/UBB/TMEM98/RPL30/RPL23A/LDHB/RAN/CA2/RPS14/RPL27/RPL3/HINT1/RPS19/GNG5/S100B/RPL34/SPEN/PCBP2/SSR4/HMGB1/PARK7/RPS27A/DDX5/CAD/RPS26/KIF3A/RPL5/NMB/RPL23/GABBR1/RPL24/CD63/LTA4H/SRI/APOE/ST13/RPSA/COL5A3/TCTN1/LTF/RPS25/ADCY1/CNN2/RPL35A/TUBA1A/VCAN/PABPC1/VPS25/GGCT/DERA/GHITM/MYL6B/ADAMTS1/CPNE8/FABP5/PSMD6/LSAMP/SCAMP3/HSPD1/RPLP2/SERINC5/CHMP2B/LRRN1/EIF3E/YPEL5/VPS28/CHMP1B/UBE2V2/RPS28/KRT10/EIF3H/TMSB4X/DUT/COL11A1/DNAJB11/CNOT1/PGM1/PRKAR2B/GSTM2/XYLT1/PSME1/MSRA/HSPH1/PSMB7/PSMA4/CS/LRRN3/PSMB2/ANXA7/AGL/C1QBP/RPS29/GGH/ACAT2/PSMD11/N4BP2L2/CEP250/SMC2/DDX23/EXOSC9/CFL1/GNAI3/UFC1/SNRPD2/APOO/GALNT1/AIMP1/NUDT1/DCXR/KIF3B/AGT/ATIC/RBMX/GRHPR/CMPK1/MAN1A2/DYNLT1/EIF2A/DMXL2/CDC42/HSPA13/TOR1A/PSMD7/PRKCI/FH/USP14/SCPEP1/SYNE2/PSMA5/TM9SF2/PTPN13/OFD1/STK36/PSMC2/KCMF1/GNAS/CDK13/CAND1/TBC1D15/STX2/ADAMTSL1/RAB9A/RUVBL1/AASDHPPT/NUCB2/MTRNR2L8/DNAJC13/CCDC80/RPL39/VDAC1/PSMA1/ARHGDIA/ARMC8/PPP1R7/GSTM3/TGS1/PSMD14/ADM/BCR/CXADR/PDCD6/RNPEP/GYG1/AMY2B/CSNK2B/RAB1A/MAPT/APOL2/HSPA8/PDZD11/DNAJC3/CSTB/UBE2D3/PYGL"
"GO:0003723","MF","GO:0003723","RNA binding",597,0.489574847627246,1.29330606739119,9.99900009999e-05,0.0177596343814715,0.01729121069795,1243,"tags=43%, list=32%, signal=34%","RBM12B/RPS27/BCCIP/SAP18/GTF3A/HMGN2/HSPB1/IMP3/RPLP0/EIF3A/PA2G4/RPL12/SNRPD1/RPS8/ANKRD17/RPL37A/RPS3A/RPL30/RPL23A/RAN/NOP58/SIN3A/LBR/EIF1/ZCRB1/RPS14/SEC61B/SON/RPS27L/RPL27/RPL3/RPL10/CWC15/RPS19/HELZ/RPL37/RPL7/RPL9/NPM1/RPL34/SPEN/PCBP2/RPL38/HMGB1/PARK7/RPS23/RPS27A/SRA1/DDX5/RPS26/RPL5/RPL23/GRSF1/RPL24/RPL19/DDX47/NOVA1/TRMT1L/LTA4H/NAA38/MRPS14/RPSA/EIF3L/CNOT7/RPL32/SARNP/RPS25/RPL18A/RPL35A/PABPC1/TRUB2/RPL41/RPL22L1/MRPL11/MRPS11/MRPL37/SRSF9/YTHDF2/HSPD1/REPIN1/FDPS/ZC3H15/GPBP1/ATXN2L/TCERG1/RPL27A/UBE2L3/EIF3E/YY1/RPS15/RPS28/MFAP1/PPHLN1/CNOT8/EIF3H/THUMPD1/RAE1/POLR2A/TMSB4X/PSPC1/NEMF/MRPS15/DDX52/LARP1B/DUT/MCTS1/CNOT1/NOL4/SART3/SNRPA1/FYTTD1/CS/EIF4A3/METAP2/PNN/ANXA7/PIN4/DNAJC21/C1QBP/NAP1L1/EMG1/MRPL20/MRPS5/MRPL16/NOL12/CCAR1/HNRNPF/ZC3H12C/WBP11/DDX23/EXOSC9/SREK1/MRPS35/SF3B1/SF1/DDX39A/SNRPD2/AIMP1/NUDT1/HTATSF1/RBMX/EIF2A/SLC25A5/RRP12/SECISBP2L/ZCCHC8/PRPF38A/PNISR/PABPC4/EXOSC8/PRPF38B/DDX46/MRPS27/MRPL27/LARP7/DCP1A/SRRM2/SF3B4/PTBP2/IMP4/ZFR/ABT1/SCAF8/CLNS1A/DHX40/DNAJC2/SMARCE1/BARD1/GNL2/IREB2/CDK13/GPATCH8/DIMT1/MRPL10/SFSWAP/EIF5B/MRPL40/ZNF207/DENR/LRRFIP1/ZNFX1/PRKDC/MRPS23/TRNT1/RPL39/C1orf52/WDR43/EBNA1BP2/RBMS3/PSMA1/MRPS26/ZC3H11A/U2AF1/SPATS2/SRP19/NOL11/GTPBP4/GOLGB1/ZNF638/MAPT/HSPA8/PRRC2C/CEBPZ/CSTB/SRFBP1/MRPL9/DYNC1LI1/UPF3A/SECISBP2/PHAX/MATR3/NUDT16L1/FMR1/LSM10/FUBP1/KRR1/ZCCHC7/CSDE1/EXOSC10/PRKRA/MRPL24/FKBP3/RBM3/DTD1/SNRPB/NHP2/KIN/TXN/LSM4/MRPS18C/RTF1/TFRC/BZW1/ASCC3/ARCN1/CDC5L/RBMXL1/CDKN2AIP/IPO5/GDI2/HMGB2/RPF1/CHERP/MAGOHB/TBCA/RBM18/NOC3L/PUS7L/MRPL45/DDX20/CELF2/PPP1R8/ARF1/RBM5"
"GO:0070062","CC","GO:0070062","extracellular exosome",398,0.491713028019003,1.29023395052943,9.99900009999e-05,0.0177596343814715,0.01729121069795,699,"tags=29%, list=18%, signal=26%","DBI/KALRN/CD9/RNF11/ATP2B1/HSPB1/OSBPL1A/RPLP0/PA2G4/RPL12/SLC25A3/SOD1/RPS8/CREB5/RPL37A/RPS3A/UBB/TMEM98/RPL30/RPL23A/LDHB/RAN/CA2/RPS14/RPL27/RPL3/HINT1/RPS19/GNG5/RPL34/SPEN/PCBP2/SSR4/PARK7/RPS27A/DDX5/CAD/RPS26/KIF3A/RPL5/RPL23/RPL24/CD63/LTA4H/SRI/APOE/ST13/RPSA/LTF/RPS25/ADCY1/RPL35A/TUBA1A/PABPC1/VPS25/GGCT/GHITM/MYL6B/CPNE8/FABP5/SCAMP3/HSPD1/RPLP2/SERINC5/CHMP2B/EIF3E/VPS28/CHMP1B/UBE2V2/RPS28/KRT10/EIF3H/DUT/PGM1/PRKAR2B/GSTM2/PSME1/MSRA/HSPH1/PSMA4/CS/PSMB2/ANXA7/RPS29/GGH/ACAT2/N4BP2L2/CEP250/SMC2/DDX23/EXOSC9/CFL1/GNAI3/UFC1/SNRPD2/DCXR/KIF3B/AGT/ATIC/RBMX/GRHPR/CMPK1/MAN1A2/CDC42/HSPA13/TOR1A/PSMD7/PRKCI/FH/USP14/SCPEP1/SYNE2/PSMA5/TM9SF2/PTPN13"
"GO:0043230","CC","GO:0043230","extracellular organelle",400,0.491136396940463,1.28892974265202,9.99900009999e-05,0.0177596343814715,0.01729121069795,699,"tags=29%, list=18%, signal=26%","DBI/KALRN/CD9/RNF11/ATP2B1/HSPB1/OSBPL1A/RPLP0/PA2G4/RPL12/SLC25A3/SOD1/RPS8/CREB5/RPL37A/RPS3A/UBB/TMEM98/RPL30/RPL23A/LDHB/RAN/CA2/RPS14/RPL27/RPL3/HINT1/RPS19/GNG5/RPL34/SPEN/PCBP2/SSR4/PARK7/RPS27A/DDX5/CAD/RPS26/KIF3A/RPL5/RPL23/RPL24/CD63/LTA4H/SRI/APOE/ST13/RPSA/LTF/RPS25/ADCY1/RPL35A/TUBA1A/PABPC1/VPS25/GGCT/GHITM/MYL6B/CPNE8/FABP5/SCAMP3/HSPD1/RPLP2/SERINC5/CHMP2B/EIF3E/VPS28/CHMP1B/UBE2V2/RPS28/KRT10/EIF3H/DUT/PGM1/PRKAR2B/GSTM2/PSME1/MSRA/HSPH1/PSMA4/CS/PSMB2/ANXA7/RPS29/GGH/ACAT2/N4BP2L2/CEP250/SMC2/DDX23/EXOSC9/CFL1/GNAI3/UFC1/SNRPD2/DCXR/KIF3B/AGT/ATIC/RBMX/GRHPR/CMPK1/MAN1A2/CDC42/HSPA13/TOR1A/PSMD7/PRKCI/FH/USP14/SCPEP1/SYNE2/PSMA5/TM9SF2/PTPN13"
"GO:0065010","CC","GO:0065010","extracellular membrane-bounded organelle",400,0.491136396940463,1.28892974265202,9.99900009999e-05,0.0177596343814715,0.01729121069795,699,"tags=29%, list=18%, signal=26%","DBI/KALRN/CD9/RNF11/ATP2B1/HSPB1/OSBPL1A/RPLP0/PA2G4/RPL12/SLC25A3/SOD1/RPS8/CREB5/RPL37A/RPS3A/UBB/TMEM98/RPL30/RPL23A/LDHB/RAN/CA2/RPS14/RPL27/RPL3/HINT1/RPS19/GNG5/RPL34/SPEN/PCBP2/SSR4/PARK7/RPS27A/DDX5/CAD/RPS26/KIF3A/RPL5/RPL23/RPL24/CD63/LTA4H/SRI/APOE/ST13/RPSA/LTF/RPS25/ADCY1/RPL35A/TUBA1A/PABPC1/VPS25/GGCT/GHITM/MYL6B/CPNE8/FABP5/SCAMP3/HSPD1/RPLP2/SERINC5/CHMP2B/EIF3E/VPS28/CHMP1B/UBE2V2/RPS28/KRT10/EIF3H/DUT/PGM1/PRKAR2B/GSTM2/PSME1/MSRA/HSPH1/PSMA4/CS/PSMB2/ANXA7/RPS29/GGH/ACAT2/N4BP2L2/CEP250/SMC2/DDX23/EXOSC9/CFL1/GNAI3/UFC1/SNRPD2/DCXR/KIF3B/AGT/ATIC/RBMX/GRHPR/CMPK1/MAN1A2/CDC42/HSPA13/TOR1A/PSMD7/PRKCI/FH/USP14/SCPEP1/SYNE2/PSMA5/TM9SF2/PTPN13"
"GO:1903561","CC","GO:1903561","extracellular vesicle",400,0.491136396940463,1.28892974265202,9.99900009999e-05,0.0177596343814715,0.01729121069795,699,"tags=29%, list=18%, signal=26%","DBI/KALRN/CD9/RNF11/ATP2B1/HSPB1/OSBPL1A/RPLP0/PA2G4/RPL12/SLC25A3/SOD1/RPS8/CREB5/RPL37A/RPS3A/UBB/TMEM98/RPL30/RPL23A/LDHB/RAN/CA2/RPS14/RPL27/RPL3/HINT1/RPS19/GNG5/RPL34/SPEN/PCBP2/SSR4/PARK7/RPS27A/DDX5/CAD/RPS26/KIF3A/RPL5/RPL23/RPL24/CD63/LTA4H/SRI/APOE/ST13/RPSA/LTF/RPS25/ADCY1/RPL35A/TUBA1A/PABPC1/VPS25/GGCT/GHITM/MYL6B/CPNE8/FABP5/SCAMP3/HSPD1/RPLP2/SERINC5/CHMP2B/EIF3E/VPS28/CHMP1B/UBE2V2/RPS28/KRT10/EIF3H/DUT/PGM1/PRKAR2B/GSTM2/PSME1/MSRA/HSPH1/PSMA4/CS/PSMB2/ANXA7/RPS29/GGH/ACAT2/N4BP2L2/CEP250/SMC2/DDX23/EXOSC9/CFL1/GNAI3/UFC1/SNRPD2/DCXR/KIF3B/AGT/ATIC/RBMX/GRHPR/CMPK1/MAN1A2/CDC42/HSPA13/TOR1A/PSMD7/PRKCI/FH/USP14/SCPEP1/SYNE2/PSMA5/TM9SF2/PTPN13"
"GO:0031967","CC","GO:0031967","organelle envelope",372,0.489998158488569,1.2839075499827,9.99900009999e-05,0.0177596343814715,0.01729121069795,1120,"tags=40%, list=29%, signal=32%","CHCHD6/NDUFA4/COX6A1/SLC25A3/SOD1/ANKRD17/UBB/COX6C/LDHB/RAN/LBR/GPAM/MNS1/MGST3/ALAS1/UQCRQ/NUP214/COX8A/COX7C/CUEDC2/YEATS4/PARK7/RPS27A/COX5B/GABBR1/NDUFS5/TIMM10/MRPS14/COX4I1/ROMO1/NRXN1/UQCR11/NDUFC1/SURF1/TMEM147/DIABLO/TOMM7/PHB2/FUNDC2/GHITM/MRPL11/MRPS11/MRPL37/ITSN1/MRPL36/NDUFV2/SLC25A28/TOMM6/DNM1L/RB1CC1/VDAC2/HSPD1/RAB32/CHMP2B/ARL2BP/CHMP1B/NDUFS3/NUP88/RAE1/MRPS15/ZC3HC1/MTG1/UQCRC2/UQCRC1/FUNDC1/HAX1/MRPL50/CTDNEP1/MTX2/MRPL20/TMEM14B/NDUFA8/NDUFS7/COX7A2L/MRPS5/MRPL16/MICU1/CCAR1/USP30/TIMM23/MRPS35/TMEM11/APOO/SDHD/ATAD1/NDUFB3/IMMP2L/NUDT1/OPA1/TMEM126A/TIMMDC1/TREX1/TMEM14A/SLC25A5/RRP12/ARMCX3/NDUFAF3/NUP37/TOR1A/ENY2/MRPS27/SYNE2/MRPL27/KRAS/NDUFS8/DNAJC2/TIMM13/NUP107/MRPL10/NDUFA7/MRPL40/COQ4/CIAPIN1/ZNFX1/PTPMT1/MRPS23/NUCB2/VDAC1/NUP160/MRPS22/ACSL3/PRELID1/GNPAT/EI24/MRPS26/TAMM41/GTPBP4/EXOG/CEP89/MRPL9/GRPEL2/MAD2L1BP/AAAS/COQ9/PAK1/MATR3/RPS6KB1/CPT1A/MRPL47/VAPA/CLCC1/MRPL24/MAP1LC3B/LETMD1/TIMM22/NPC1/SH3GLB1/BNIP1/RRM1"
"GO:0031975","CC","GO:0031975","envelope",372,0.489998158488569,1.2839075499827,9.99900009999e-05,0.0177596343814715,0.01729121069795,1120,"tags=40%, list=29%, signal=32%","CHCHD6/NDUFA4/COX6A1/SLC25A3/SOD1/ANKRD17/UBB/COX6C/LDHB/RAN/LBR/GPAM/MNS1/MGST3/ALAS1/UQCRQ/NUP214/COX8A/COX7C/CUEDC2/YEATS4/PARK7/RPS27A/COX5B/GABBR1/NDUFS5/TIMM10/MRPS14/COX4I1/ROMO1/NRXN1/UQCR11/NDUFC1/SURF1/TMEM147/DIABLO/TOMM7/PHB2/FUNDC2/GHITM/MRPL11/MRPS11/MRPL37/ITSN1/MRPL36/NDUFV2/SLC25A28/TOMM6/DNM1L/RB1CC1/VDAC2/HSPD1/RAB32/CHMP2B/ARL2BP/CHMP1B/NDUFS3/NUP88/RAE1/MRPS15/ZC3HC1/MTG1/UQCRC2/UQCRC1/FUNDC1/HAX1/MRPL50/CTDNEP1/MTX2/MRPL20/TMEM14B/NDUFA8/NDUFS7/COX7A2L/MRPS5/MRPL16/MICU1/CCAR1/USP30/TIMM23/MRPS35/TMEM11/APOO/SDHD/ATAD1/NDUFB3/IMMP2L/NUDT1/OPA1/TMEM126A/TIMMDC1/TREX1/TMEM14A/SLC25A5/RRP12/ARMCX3/NDUFAF3/NUP37/TOR1A/ENY2/MRPS27/SYNE2/MRPL27/KRAS/NDUFS8/DNAJC2/TIMM13/NUP107/MRPL10/NDUFA7/MRPL40/COQ4/CIAPIN1/ZNFX1/PTPMT1/MRPS23/NUCB2/VDAC1/NUP160/MRPS22/ACSL3/PRELID1/GNPAT/EI24/MRPS26/TAMM41/GTPBP4/EXOG/CEP89/MRPL9/GRPEL2/MAD2L1BP/AAAS/COQ9/PAK1/MATR3/RPS6KB1/CPT1A/MRPL47/VAPA/CLCC1/MRPL24/MAP1LC3B/LETMD1/TIMM22/NPC1/SH3GLB1/BNIP1/RRM1"
"GO:1901566","BP","GO:1901566","organonitrogen compound biosynthetic process",482,0.48189322117621,1.26895207536873,9.99900009999e-05,0.0177596343814715,0.01729121069795,712,"tags=28%, list=18%, signal=27%","RPS27/DBI/TUSC3/HSPB1/RPLP0/EIF3A/PA2G4/RPLP1/RPL12/RPS8/RPL37A/RPS3A/RPL30/RPL23A/EIF1/RPS14/RPS27L/RPL27/RPL3/ALAS1/RPL10/RPS19/RPL37/RPL7/RPL9/NPM1/RPL34/RPL38/PARK7/RPS23/RPS27A/CAD/RPS26/NFE2L2/RPL5/RPL23/RPL24/RPL19/NDUFS5/APOE/MRPS14/RPSA/TBPL1/EIF3L/NDUFC1/CNOT7/RPL32/SARNP/RPS25/DRG1/ADCY1/RPL18A/ODC1/MPPE1/AK4/RPL35A/PABPC1/TRUB2/RPL41/ATF4/RPL22L1/MRPL11/MRPS11/MRPL37/ELP4/MRPL36/FABP5/YTHDF2/NDUFV2/RB1CC1/RPLP2/SERINC5/ZC3H15/RPL27A/OAT/EIF3E/CNOT2/NDUFS3/RPS15/RPS28/ZDHHC4/CNOT8/EIF3H/UROD/GMPS/TMSB4X/NEMF/MRPS15/LARP1B/DUT/MCTS1/CNOT1/ALG2/TMED2/MTG1/XYLT1/EIF4A3/MRPL50/MOCS2/C1QBP/RPS29/MRPL20/TMEM14B/NDUFA8/NDUFS7/MRPS5/MRPL16/PIGC/EXOSC9/MRPS35/GALNT1/SDHD/NDUFB3/AIMP1/TRIP4/BMPR1B/DSEL/ATIC/CMPK1/METTL5/TREX1/TMEM14A/MALSU1/ABCE1/EIF2A/ALG5/SECISBP2L/RCHY1/PABPC4/EXOSC8/MRPS27/MRPL27/TM9SF2/DCP1A/B3GNT5/NDUFS8/PIGF"
"GO:0098803","CC","GO:0098803","respiratory chain complex",28,0.744497473409534,1.7333775943251,0.000200180162145931,0.0262025296451016,0.0255114182635101,559,"tags=71%, list=14%, signal=62%","NDUFA4/COX6A1/COX6C/UQCRQ/COX8A/COX7C/COX5B/NDUFS5/COX4I1/UQCR11/NDUFC1/NDUFV2/NDUFS3/UQCRC2/UQCRC1/NDUFA8/NDUFS7/COX7A2L/SDHD/NDUFB3"
"GO:0042773","BP","GO:0042773","ATP synthesis coupled electron transport",34,0.704224366403355,1.66320836264758,0.000200060018005402,0.0262025296451016,0.0255114182635101,559,"tags=65%, list=14%, signal=56%","NDUFA4/COX6A1/COX6C/UQCRQ/COX8A/COX7C/PARK7/COX5B/NDUFS5/COX4I1/UQCR11/NDUFC1/GHITM/NDUFV2/NDUFS3/UQCRC2/UQCRC1/NDUFA8/NDUFS7/COX7A2L/SDHD/NDUFB3"
"GO:0042775","BP","GO:0042775","mitochondrial ATP synthesis coupled electron transport",34,0.704224366403355,1.66320836264758,0.000200060018005402,0.0262025296451016,0.0255114182635101,559,"tags=65%, list=14%, signal=56%","NDUFA4/COX6A1/COX6C/UQCRQ/COX8A/COX7C/PARK7/COX5B/NDUFS5/COX4I1/UQCR11/NDUFC1/GHITM/NDUFV2/NDUFS3/UQCRC2/UQCRC1/NDUFA8/NDUFS7/COX7A2L/SDHD/NDUFB3"
"GO:0019646","BP","GO:0019646","aerobic electron transport chain",33,0.698306667831014,1.64520793557464,0.000200080032012805,0.0262025296451016,0.0255114182635101,559,"tags=64%, list=14%, signal=55%","NDUFA4/COX6A1/COX6C/UQCRQ/COX8A/COX7C/PARK7/COX5B/NDUFS5/COX4I1/UQCR11/NDUFC1/NDUFV2/NDUFS3/UQCRC2/UQCRC1/NDUFA8/NDUFS7/COX7A2L/SDHD/NDUFB3"
"GO:0006119","BP","GO:0006119","oxidative phosphorylation",41,0.676544275463414,1.62135935688096,0.0001999800019998,0.0262025296451016,0.0255114182635101,559,"tags=56%, list=14%, signal=49%","NDUFA4/COX6A1/COX6C/UQCRQ/COX8A/COX7C/PARK7/COX5B/NDUFS5/COX4I1/UQCR11/NDUFC1/AK4/GHITM/NDUFV2/NDUFS3/UQCRC2/UQCRC1/NDUFA8/NDUFS7/COX7A2L/SDHD/NDUFB3"
"GO:0042274","BP","GO:0042274","ribosomal small subunit biogenesis",47,0.644191573843958,1.55694634199744,0.0001999800019998,0.0262025296451016,0.0255114182635101,1060,"tags=60%, list=27%, signal=44%","RPS27/IMP3/RPS8/RPS3A/NOP58/RPS14/RPS27L/RPS19/NPM1/RPL38/RPS23/RPSA/RPS25/RPS15/RPS28/DDX52/EMG1/GTF2H5/IMP4/ABT1/DIMT1/PRKDC/WDR43/RIOK3/NOL11/SRFBP1/KRR1/EXOSC10"
"GO:0022900","BP","GO:0022900","electron transport chain",52,0.634124756748874,1.54271609107984,0.0001999800019998,0.0262025296451016,0.0255114182635101,570,"tags=46%, list=15%, signal=40%","NDUFA4/COX6A1/COX6C/UQCRQ/COX8A/COX7C/PARK7/COX5B/NDUFS5/COX4I1/UQCR11/NDUFC1/SURF1/GHITM/NDUFV2/NDUFS3/UQCRC2/UQCRC1/NDUFA8/NDUFS7/COX7A2L/SDHD/NDUFB3/IMMP2L"
"GO:0022618","BP","GO:0022618","protein-RNA complex assembly",90,0.580961023262864,1.45704344827033,0.0001999800019998,0.0262025296451016,0.0255114182635101,817,"tags=43%, list=21%, signal=35%","RPS27/RPLP0/EIF3A/SNRPD1/RPL23A/RPS14/RPS27L/RPL10/RPS19/RPL38/RPL5/RPL24/RPSA/EIF3L/SRSF9/EIF3E/RPS15/RPS28/EIF3H/MCTS1/SART3/SNRPA1/PTGES3/MRPL20/DDX23/SF3B1/SF1/SNRPD2/HTATSF1/TAF9/DDX46/SF3B4/PTBP2/ABT1/CLNS1A/SFSWAP/DENR/RUVBL1/PRKDC"
"GO:0071826","BP","GO:0071826","protein-RNA complex organization",95,0.56365599958775,1.41716789555119,0.0001999800019998,0.0262025296451016,0.0255114182635101,817,"tags=41%, list=21%, signal=33%","RPS27/RPLP0/EIF3A/SNRPD1/RPL23A/RPS14/RPS27L/RPL10/RPS19/RPL38/RPL5/RPL24/RPSA/EIF3L/SRSF9/EIF3E/RPS15/RPS28/EIF3H/MCTS1/SART3/SNRPA1/PTGES3/MRPL20/DDX23/SF3B1/SF1/SNRPD2/HTATSF1/TAF9/DDX46/SF3B4/PTBP2/ABT1/CLNS1A/SFSWAP/DENR/RUVBL1/PRKDC"
"GO:0022613","BP","GO:0022613","ribonucleoprotein complex biogenesis",203,0.535454506924138,1.38247457095104,0.0001999800019998,0.0262025296451016,0.0255114182635101,938,"tags=40%, list=24%, signal=32%","RPS27/GTF3A/IMP3/RPLP0/EIF3A/PA2G4/SNRPD1/RPS8/RPS3A/RPL23A/RAN/NOP58/RPS14/RPS27L/RPL27/RPL10/RPS19/RPL7/NPM1/RPL38/RPS23/RPL5/RPL24/DDX47/RPSA/EIF3L/RPS25/RPL35A/SRSF9/YTHDF2/EIF3E/NUP88/RPS15/RPS28/EIF3H/DDX52/MCTS1/SART3/SNRPA1/PTGES3/EIF4A3/PIN4/C1QBP/EMG1/MRPL20/GTF2H5/WBP11/DDX23/EXOSC9/SF3B1/SF1/SNRPD2/HTATSF1/METTL5/MALSU1/ABCE1/EIF2A/RRP12/TAF9/PWP1/EXOSC8/DDX46/SF3B4/PTBP2/IMP4/ABT1/CLNS1A/GNL2/DIMT1/SFSWAP/EIF5B/DENR/RUVBL1/PRKDC/WDR43/EBNA1BP2/TGS1/RIOK3/NOL11/GTPBP4/EIF3F"
"GO:0019866","CC","GO:0019866","organelle inner membrane",172,0.520769289950633,1.33824135877944,0.0001999800019998,0.0262025296451016,0.0255114182635101,892,"tags=40%, list=23%, signal=32%","CHCHD6/NDUFA4/COX6A1/SLC25A3/COX6C/LDHB/LBR/ALAS1/UQCRQ/COX8A/COX7C/COX5B/NDUFS5/TIMM10/MRPS14/COX4I1/ROMO1/UQCR11/NDUFC1/SURF1/PHB2/GHITM/MRPL11/MRPS11/MRPL37/MRPL36/NDUFV2/SLC25A28/HSPD1/NDUFS3/MRPS15/MTG1/UQCRC2/UQCRC1/MRPL50/MTX2/MRPL20/NDUFA8/NDUFS7/COX7A2L/MRPS5/MRPL16/MICU1/TIMM23/MRPS35/TMEM11/APOO/SDHD/NDUFB3/IMMP2L/OPA1/TMEM126A/TIMMDC1/SLC25A5/NDUFAF3/MRPS27/MRPL27/NDUFS8/TIMM13/MRPL10/NDUFA7/MRPL40/COQ4/PTPMT1/MRPS23/MRPS22/MRPS26/TAMM41"
"GO:0098796","CC","GO:0098796","membrane protein complex",220,0.508185096606867,1.31530467316278,0.0001999800019998,0.0262025296451016,0.0255114182635101,861,"tags=35%, list=22%, signal=29%","CHCHD6/INSIG1/TUSC3/NDUFA4/COX6A1/COX6C/SNAP29/SEC61B/APH1B/GNG5/UQCRQ/CORO1C/COX8A/SCLT1/COX7C/SSR4/HMGB1/COX5B/GABBR1/NDUFS5/TIMM10/COX4I1/ROMO1/UQCR11/NDUFC1/DIABLO/DENND4C/VPS25/TOMM7/PHB2/GOSR2/NDUFV2/TOMM6/VDAC2/HSPD1/SEC31A/CHMP2B/VPS28/CHMP1B/NDUFS3/CACNA1D/SNX2/SEC24D/UQCRC2/UQCRC1/VPS8/CTDNEP1/MTX2/NDUFA8/NDUFS7/COX7A2L/SEC11C/SEC24B/MICU1/PIGC/TIMM23/GNAI3/APOO/SDHD/NDUFB3/IMMP2L/BMPR1B/TREX1/SLC25A5/DERL2/SYNE2/NDUFS8/GNAS/NDUFA7/GNG10/STX2/NECAP2/SOCS5/VDAC1/DPP6/EPN2/AP3M2/GOSR1"
"GO:0030054","CC","GO:0030054","cell junction",381,0.468659824969636,1.22872108071857,0.0001999800019998,0.0262025296451016,0.0255114182635101,711,"tags=25%, list=18%, signal=23%","RPS27/KALRN/CD9/ATP2B1/HSPB1/COL4A5/RPLP0/EIF3A/RPLP1/RPL12/RPS8/RPL37A/RPS3A/SNAP29/RPL30/PDLIM1/DLG5/RPS14/RPL27/RPL3/RPS19/RPL37/RPL7/RPL9/CORO1C/NPM1/RPL34/PCBP2/RPL38/ASH1L/PARK7/RPS23/RPS27A/CAD/RPS26/RPL5/RPL23/GABBR1/RPL24/RPL19/APOE/NRXN1/EIF3L/RPL32/RPS25/ADCY1/CNN2/TADA1/RPL35A/TUBA1A/VCAN/PABPC1/PPFIA1/PHB2/ANK3/ITSN1/FABP5/PCDHB10/DNM1L/RPLP2/COPS4/CHMP2B/LIMS1/DCTN4/EIF3E/IP6K2/RPS15/RPS28/IGSF21/DSTYK/CTTN/PRKAR2B/EIF4A3/PNN/RPS29/NDUFS7/HNRNPF/PCDH9/CFL1/ATAD1/TRIP4/KIF3B/METTL5/PDE7B/DMXL2/CDC42/TOR1A/PRKCI/USP14/PNISR/AMOT/RAD51C/MCMBP/SYNE2/KRAS/VEZT/VSIG10"
"GO:0005783","CC","GO:0005783","endoplasmic reticulum",373,0.468023078739228,1.22640273943532,0.0001999800019998,0.0262025296451016,0.0255114182635101,957,"tags=33%, list=24%, signal=28%","INSIG1/DBI/TUSC3/MSMO1/PDCL3/OSBPL1A/COL4A5/RPLP0/RPS8/RPS3A/UBB/TMEM98/SEZ6L/LBR/MGST3/ITPR2/SEC61B/APH1B/RPL27/SLC35B4/RPL10/METTL9/RPL34/SSR4/HMGB1/PARK7/RPS23/RPS27A/RPS26/RPL5/GABBR1/RPL24/SRI/APOE/NRXN1/COL5A3/TMEM147/MPPE1/VCAN/RPL41/ANK3/GOSR2/TFG/DNM1L/RB1CC1/RAB32/SLC35B1/XBP1/SEC31A/TMEM50A/RPL27A/SLC37A3/RPS28/ZDHHC4/VMP1/MIA3/COL11A1/DNAJB11/PHTF2/CTTN/ALG2/ZFAND2A/TMED2/GSTM2/SEC24D/HAX1/TMEM208/ANXA7/CTDNEP1/AGTRAP/AGL/SDF2L1/TXNDC12/RPS29/YIF1A/SEC11C/SEC24B/PIGC/GNAI3/SCP2/APOO/GALNT1/AIMP1/ATP13A4/EPM2AIP1/MAN1A2/TREX1/TMEM14A/CDC42/ALG5/HSPA13/TOR1A/DERL2/SYNE2/PCYT2/KRAS/PIGF/TRAPPC9/TMEM39A/C4orf3/ALDH3A2/ADAMTSL1/RAB9A/CAMLG/WDR83OS/G6PC3/DHRS7/UFM1/TRAPPC2L/NUCB2/TMF1/ARV1/EEF1D/ACSL3/EI24/PSENEN/SAMD8/PDCD6/TMCO1/LPIN3/RAB1A/APOL2/DNAJC3"
"GO:0019730","BP","GO:0019730","antimicrobial humoral response",10,0.858265747479505,1.7732985161068,0.000209907640638119,0.0270020846000174,0.0262898843565093,209,"tags=60%, list=5%, signal=57%","RARRES2/HMGN2/RPL30/RPS19/ROMO1/LTF"
"GO:0042255","BP","GO:0042255","ribosome assembly",31,0.711552168620328,1.668206348797,0.000300150075037519,0.0379562662687276,0.036955141263763,817,"tags=65%, list=21%, signal=51%","RPS27/RPLP0/RPL23A/RPS14/RPS27L/RPL10/RPS19/NPM1/RPL38/RPL5/RPL24/RPSA/RPS15/RPS28/C1QBP/MRPL20/EIF2A/ABT1/EIF5B/PRKDC"
"GO:0001895","BP","GO:0001895","retina homeostasis",12,0.821191389219058,1.74465295180126,0.000308928019771393,0.0384151992585728,0.0374019695516208,209,"tags=33%, list=5%, signal=32%","HSPB1/SOD1/BBS4/LTF"
"GO:0031640","BP","GO:0031640","killing of cells of another organism",8,0.900636369954347,1.79420757263665,0.0004293688278231,0.0478137436475843,0.0465526202797677,209,"tags=62%, list=5%, signal=59%","HMGN2/RPL30/RPS19/ROMO1/LTF"
"GO:0141061","BP","GO:0141061","disruption of cell in another organism",8,0.900636369954347,1.79420757263665,0.0004293688278231,0.0478137436475843,0.0465526202797677,209,"tags=62%, list=5%, signal=59%","HMGN2/RPL30/RPS19/ROMO1/LTF"
"GO:0005751","CC","GO:0005751","mitochondrial respiratory chain complex IV",9,0.875447570332481,1.77961032772384,0.000423683931786887,0.0478137436475843,0.0465526202797677,496,"tags=100%, list=13%, signal=88%","NDUFA4/COX6A1/COX6C/COX8A/COX7C/COX5B/COX4I1/UQCRC2/COX7A2L"
"GO:0045277","CC","GO:0045277","respiratory chain complex IV",9,0.875447570332481,1.77961032772384,0.000423683931786887,0.0478137436475843,0.0465526202797677,496,"tags=100%, list=13%, signal=88%","NDUFA4/COX6A1/COX6C/COX8A/COX7C/COX5B/COX4I1/UQCRC2/COX7A2L"
"GO:1902175","BP","GO:1902175","regulation of oxidative stress-induced intrinsic apoptotic signaling pathway",10,0.839890724550212,1.73533311787247,0.000419815281276238,0.0478137436475843,0.0465526202797677,249,"tags=50%, list=6%, signal=47%","HSPB1/SOD1/PARK7/NFE2L2/ATF4"
"GO:0000028","BP","GO:0000028","ribosomal small subunit assembly",11,0.811574687112282,1.70316292186833,0.000414722654224987,0.0478137436475843,0.0465526202797677,351,"tags=73%, list=9%, signal=66%","RPS27/RPS14/RPS27L/RPS19/RPL38/RPSA/RPS15/RPS28"
"GO:0019843","MF","GO:0019843","rRNA binding",32,0.698136538614705,1.64011136136924,0.000400200100050025,0.0478137436475843,0.0465526202797677,511,"tags=47%, list=13%, signal=41%","GTF3A/IMP3/RPLP0/RPL12/RPL23A/RPL37/RPL9/NPM1/RPL5/RPL23/MRPL11/EMG1/MRPL20/MRPL16/NOL12"
